Date,low,high,open,close,volume
2020-12-31,28700.0,29688.88,28990.08,29412.84,22211.25251806
2021-01-01,29039.0,33300.0,29413.29,32225.91,46675.24652146
2021-01-02,32008.62,34810.0,32222.88,33080.66,36951.71650628
2021-01-03,27678.0,33666.99,33082.84,32019.99,46045.38968508
2021-01-04,29891.13,34499.67,32020.22,34030.64,42282.56920027
2021-01-05,33352.54,37000.0,34043.91,36859.26,45744.10320015
2021-01-06,36200.0,40425.0,36859.26,39505.56,50346.30569052
2021-01-07,36565.08,41986.37,39510.55,40665.15,48522.48490272
2021-01-08,38800.0,41406.94,40642.15,40257.43,27152.97102881
2021-01-09,34444.0,41452.12,40257.43,38171.57,43736.57031589
2021-01-10,30100.0,38273.88,38168.89,35452.59,102503.15672849
2021-01-11,32500.0,36604.51,35456.89,34038.98,48227.62752035
2021-01-12,32309.04,37888.0,34035.53,37393.66,39608.73718747
2021-01-13,36751.11,40127.66,37393.67,39125.14,31868.76049365
2021-01-14,34298.93,39697.0,39123.05,36754.67,36421.05918785
2021-01-15,35372.59,37948.0,36754.6,36006.94,20861.42545209
2021-01-16,33850.03,36860.0,36004.8,35820.0,19182.04934663
2021-01-17,34736.46,37402.0,35820.01,36624.23,16609.64108414
2021-01-18,35895.11,37857.0,36624.23,35917.28,18904.77910604
2021-01-19,33387.01,36415.34,35921.91,35503.09,25445.70800774
2021-01-20,30011.0,35628.24,35498.85,30855.95,50473.11375071
2021-01-21,28732.0,33867.0,30855.9,32984.93,48155.72161708
2021-01-22,31432.19,33488.79,32982.66,32112.01,16139.81478284
2021-01-23,30931.21,33086.53,32110.0,32288.56,13618.80097809
2021-01-24,31920.8,34888.0,32293.18,32261.87,23045.66293389
2021-01-25,30830.0,32960.37,32260.52,32510.82,23535.83891688
2021-01-26,29156.0,32584.62,32510.82,30407.13,46207.08537355
2021-01-27,29902.14,34000.0,30414.11,33488.99,36007.06269488
2021-01-28,31990.0,38570.13,33487.92,34262.11,72641.07974951
2021-01-29,32852.86,34900.0,34262.11,34315.63,21362.15173754
2021-01-30,32200.0,34387.75,34315.63,33137.74,16436.39757593
2021-01-31,32333.0,34728.57,33137.75,33533.19,21975.41378272
2021-02-01,33450.0,36000.0,33534.39,35512.67,19995.83908338
2021-02-02,35393.8,37723.72,35513.0,37678.37,23781.96945181
2021-02-03,36156.45,38769.0,37688.42,36975.0,31699.36292316
2021-02-04,36605.87,38349.0,36976.59,38311.49,17842.70173175
2021-02-05,38250.0,41000.0,38327.09,39265.43,27102.80602941
2021-02-06,37371.35,39737.83,39266.1,38871.42,20297.87256102
2021-02-07,38057.01,46750.0,38871.43,46448.1,47934.0103883
2021-02-08,45020.0,48200.0,46453.66,46514.73,36418.79365116
2021-02-09,43706.86,47349.99,46514.73,44850.0,25818.01157857
2021-02-10,44011.0,48690.0,44850.0,47997.91,26222.60477552
2021-02-11,46300.0,48912.0,47993.6,47408.34,23503.15583529
2021-02-12,46300.0,48199.0,47408.34,47232.45,12020.8773325
2021-02-13,47100.13,49700.0,47240.75,48680.69,15146.55244091
2021-02-14,45768.46,49093.44,48667.23,47936.37,19432.15278111
2021-02-15,47051.22,50645.0,47935.66,49158.71,23053.20561135
2021-02-16,48942.87,52640.35,49141.43,52170.01,25675.171441
2021-02-17,50875.0,52549.99,52170.01,51601.73,15689.40275173
2021-02-18,50725.0,56370.05,51596.0,55983.56,27961.48197104
2021-02-19,54000.1,57563.57,55983.57,55923.52,22137.82194494
2021-02-20,55531.23,58367.0,55921.44,57489.16,13530.43444443
2021-02-21,46616.0,57577.69,57489.16,54142.13,49449.16575779
2021-02-22,44888.08,54206.22,54125.67,48899.99,72300.585728
2021-02-23,47002.0,51415.41,48899.99,49737.82,30732.14949499
2021-02-24,46700.0,52107.83,49737.81,47058.48,28011.20414657
2021-02-25,44150.0,48464.64,47063.9,46326.2,36048.6181927
2021-02-26,45055.0,48356.86,46319.79,46180.75,16290.28071728
2021-02-27,43016.0,46656.0,46169.92,45231.75,22745.60600179
2021-02-28,45042.13,49829.0,45231.74,49639.4,25068.25043716
2021-03-01,47075.11,50250.0,49635.3,48511.6,17063.56302004
2021-03-02,48161.75,52666.0,48502.18,50360.0,21301.47723933
2021-03-03,47502.0,51798.33,50370.33,48368.52,23386.97957577
2021-03-04,46219.32,49473.99,48370.97,48769.47,25468.18029576
2021-03-05,47077.0,49210.0,48766.01,48909.84,11877.83755909
2021-03-06,48909.83,51459.0,48909.84,50978.61,13965.15473114
2021-03-07,49328.62,52425.0,50976.22,52415.23,18856.28684439
2021-03-08,51845.01,54936.0,52413.17,54916.38,21177.14953983
2021-03-09,53025.0,57402.14,54921.61,55890.69,28326.07770941
2021-03-10,54283.0,58113.0,55888.7,57815.47,24369.21216789
2021-03-11,55050.0,58065.92,57820.15,57225.91,21760.53824103
2021-03-12,56083.74,61788.45,57220.84,61178.5,22301.28588901
2021-03-13,58950.0,61680.0,61181.38,58972.7,13581.96759058
2021-03-14,54568.0,60601.07,58972.71,55636.15,31651.39184131
2021-03-15,53221.0,56970.0,55629.08,56927.11,24432.37878722
2021-03-16,54138.01,58996.38,56924.26,58925.54,22687.57433043
2021-03-17,56996.15,60100.0,58925.54,57644.95,21459.4962399
2021-03-18,56260.0,59461.99,57644.95,58039.66,16429.629743
2021-03-19,57827.97,59928.0,58026.91,58116.7,9725.28123717
2021-03-20,55543.89,58651.22,58126.34,57363.32,11841.63877891
2021-03-21,53739.5,58421.68,57377.29,54110.07,19512.15647151
2021-03-22,53000.0,55858.0,54111.49,54345.54,19221.75674
2021-03-23,51673.82,57209.97,54333.27,52276.16,23775.21362623
2021-03-24,50305.0,53238.0,52259.69,51325.01,29642.04415588
2021-03-25,51250.0,55125.13,51320.76,55072.44,17843.00738205
2021-03-26,53966.0,56640.0,55080.9,55856.53,11333.33349523
2021-03-27,54701.0,56587.08,55856.54,55778.82,9235.80302347
2021-03-28,54900.0,58400.0,55781.22,57613.48,17552.36885101
2021-03-29,57000.0,59397.48,57613.76,58786.46,15105.07669026
2021-03-30,56873.8,59800.0,58786.46,58800.0,17376.62672814
2021-03-31,57930.0,59474.94,58800.01,58726.48,11096.33004907
2021-04-01,58441.88,60055.02,58726.47,58981.04,10966.93017846
2021-04-02,56943.0,59752.0,58981.04,57094.34,8405.26400491
2021-04-03,56478.53,58500.0,57094.34,58215.94,6301.43187883
2021-04-04,56817.64,59251.76,58216.73,59123.02,9204.86323941
2021-04-05,57333.33,59475.0,59134.07,58019.98,10354.33014603
2021-04-06,55400.0,58630.0,58021.67,55955.75,17787.29445084
2021-04-07,55700.0,58152.0,55962.67,58083.1,8073.59731731
2021-04-08,57670.51,58869.69,58083.1,58092.68,8094.74629652
2021-04-09,57875.41,61218.97,58092.68,59778.6,12817.81106734
2021-04-10,59177.06,60658.89,59778.59,59985.26,7278.96516665
2021-04-11,59369.0,61199.0,59983.66,59839.82,11467.72752999
2021-04-12,59799.01,63774.39,59836.88,63588.22,17897.76603088
2021-04-13,61277.91,64899.0,63588.22,62971.8,22570.84113444
2021-04-14,62036.73,63831.82,62971.8,63229.04,11209.4505281
2021-04-15,60048.43,63604.34,63229.04,61427.27,19867.41322269
2021-04-16,59700.0,62572.48,61427.27,60058.86,10847.76785762
2021-04-17,51300.0,60437.97,60067.2,56274.41,36891.70959047
2021-04-18,54187.85,57600.0,56273.65,55696.83,16838.39171629
2021-04-19,53430.01,57111.0,55696.83,56499.29,18608.27983583
2021-04-20,53620.91,56810.56,56477.67,53800.86,15584.08398293
2021-04-21,50400.0,55469.98,53795.62,51701.59,30427.89153907
2021-04-22,47464.65,52130.58,51695.98,51187.27,38794.85818376
2021-04-23,48726.87,51260.61,51187.75,50089.15,11839.14355893
2021-04-24,47044.01,50591.38,50101.42,49121.0,14633.51206544
2021-04-25,48817.62,54400.0,49121.0,54053.6,18005.22399425
2021-04-26,53321.0,55509.39,54047.8,55069.62,13957.08649512
2021-04-27,53887.0,56476.17,55069.61,54894.03,16484.33677655
2021-04-28,52369.61,55226.86,54889.81,53580.0,14592.31688772
2021-04-29,53068.43,58075.01,53580.0,57798.77,16536.33288912
2021-04-30,57050.94,58550.0,57798.77,57859.28,10787.04933216
2021-05-01,56072.0,57972.26,57859.28,56625.2,7647.62578087
2021-05-02,56500.0,58986.0,56625.21,57212.73,15165.00648795
2021-05-03,53057.7,57247.24,57212.73,53241.92,23492.0586849
2021-05-04,52913.02,57980.86,53241.91,57515.69,22918.90458572
2021-05-05,55288.0,58400.0,57515.69,56440.66,18244.13605211
2021-05-06,55300.0,58735.95,56444.82,57380.39,18323.8958022
2021-05-07,56980.01,59559.84,57380.39,58958.05,15374.94442964
2021-05-08,56265.3,59300.52,58958.06,58312.57,17169.72318523
2021-05-09,53600.0,59592.2,58313.84,55866.41,24647.23540718
2021-05-10,54511.48,56962.07,55866.38,56753.19,15446.63591676
2021-05-11,48500.0,58041.0,56753.19,49498.77,29660.84273553
2021-05-12,46000.0,52500.0,49498.76,49690.11,42250.08740789
2021-05-13,48895.0,51569.56,49682.28,49893.48,21987.79362448
2021-05-14,46573.0,50730.58,49893.48,46775.51,21936.11454712
2021-05-15,43825.0,49808.28,46771.01,46450.79,30655.33064729
2021-05-16,42101.0,46646.15,46450.78,43580.5,43660.22208427
2021-05-17,42300.0,45851.0,43571.89,42857.15,28210.30024018
2021-05-18,30000.0,43591.7,42865.05,36731.75,109537.24233282
2021-05-19,35000.0,42605.0,36735.44,40623.33,51445.79735691
2021-05-20,33501.54,42275.99,40623.24,37340.77,55961.90006046
2021-05-21,35257.52,38889.76,37333.09,37476.83,29239.02738254
2021-05-22,31111.0,38319.36,37476.84,34758.67,53433.30296532
2021-05-23,34407.17,39966.87,34758.88,38878.56,44419.45827713
2021-05-24,36481.26,39878.51,38874.53,38361.81,26107.55687287
2021-05-25,37837.36,40900.0,38361.81,39293.23,25107.68631485
2021-05-26,37191.99,40440.95,39293.23,38556.88,19390.89447264
2021-05-27,34688.0,38900.0,38556.88,35680.47,36231.72333985
2021-05-28,33650.86,37325.0,35680.48,34627.82,27999.15073256
2021-05-29,33333.0,36500.0,34627.81,35669.44,16038.94658082
2021-05-30,34183.0,37534.09,35669.44,37279.31,19527.11600162
2021-05-31,35669.14,37918.97,37276.23,36685.0,15713.10281689
2021-06-01,35920.0,38237.37,36684.99,37577.91,13952.35891376
2021-06-02,37184.88,39489.82,37581.83,39248.55,14325.7560692
2021-06-03,35593.22,39291.24,39248.54,36856.52,17917.63251152
2021-06-04,34832.17,37921.35,36856.53,35539.49,13654.69033381
2021-06-05,35258.0,36477.86,35539.97,35800.48,8184.50324318
2021-06-06,33333.0,36812.39,35800.48,33575.91,18997.71626987
2021-06-07,31004.95,34069.0,33567.26,33402.13,34937.55754915
2021-06-08,32408.53,37573.99,33402.13,37403.86,26040.89793254
2021-06-09,35800.0,38425.67,37404.75,36694.05,19853.81418911
2021-06-10,35944.0,37695.0,36694.91,37338.44,14142.19349961
2021-06-11,34635.47,37448.0,37340.08,35557.33,14516.54556279
2021-06-12,34780.57,39396.0,35557.32,39015.24,15748.96203951
2021-06-13,38744.83,41076.03,39015.24,40539.47,21916.84415956
2021-06-14,39510.98,41322.55,40537.93,40162.37,17020.70299457
2021-06-15,38105.0,40499.0,40158.06,38351.0,17238.57541183
2021-06-16,37365.63,39554.98,38351.0,38095.17,15970.35031651
2021-06-17,35153.16,38216.22,38103.94,35841.81,23472.37724375
2021-06-18,34833.26,36457.18,35840.96,35484.79,16801.08670642
2021-06-19,33347.05,36139.73,35484.8,35585.78,19400.07454207
2021-06-20,31259.0,35741.54,35585.79,31609.82,41304.39903519
2021-06-21,28800.0,33352.0,31609.82,32538.37,48409.17333487
2021-06-22,31708.03,34881.02,32538.9,33688.35,23124.81248294
2021-06-23,32300.0,35295.67,33688.51,34654.58,16868.94084747
2021-06-24,31300.0,35500.0,34654.87,31594.63,26505.19266978
2021-06-25,30173.49,32711.68,31594.62,32275.19,18299.38702942
2021-06-26,32002.21,34749.0,32267.59,34709.23,14428.92978925
2021-06-27,33864.99,35301.43,34708.53,34493.22,14920.2647883
2021-06-28,34233.35,36675.0,34493.22,35904.28,17917.59826258
2021-06-29,34033.0,36094.42,35906.17,35060.0,16700.72309396
2021-06-30,32703.48,35066.54,35060.0,33516.11,13210.9509733
2021-07-01,32704.73,33972.06,33510.93,33805.02,11765.65389836
2021-07-02,33320.0,34953.07,33805.01,34682.16,6197.80112922
2021-07-03,34390.53,35951.0,34685.03,35284.05,6224.03057033
2021-07-04,33156.86,35290.82,35284.06,33697.78,9607.60619891
2021-07-05,33300.0,35100.0,33697.78,34225.73,10313.01368118
2021-07-06,33770.01,35077.46,34225.72,33878.56,9404.8979867
2021-07-07,32111.0,33934.62,33879.5,32875.95,14147.3525248
2021-07-08,32255.24,34100.0,32875.95,33824.26,8320.90649257
2021-07-09,33027.83,34267.14,33824.25,33515.35,4906.24582215
2021-07-10,33333.33,34607.37,33515.35,34259.23,7023.06500489
2021-07-11,32665.0,34670.0,34259.22,33091.1,10145.24046995
2021-07-12,32201.12,33337.61,33077.43,32734.14,9478.04218884
2021-07-13,31600.0,33125.55,32734.14,32816.39,10355.3186961
2021-07-14,31064.77,33187.6,32815.75,31868.68,11273.61174025
2021-07-15,31025.42,32259.16,31872.49,31388.06,10006.47793721
2021-07-16,31179.01,31949.99,31389.57,31533.91,5695.57411588
2021-07-17,31125.6,32450.0,31533.9,31788.25,5006.4831051
2021-07-18,30429.99,31887.82,31786.37,30842.03,11027.00528966
2021-07-19,29301.56,31052.65,30842.04,29796.16,18114.15286104
2021-07-20,29501.02,32825.0,29796.15,32135.19,15598.47830878
2021-07-21,31729.68,32611.84,32152.68,32287.74,7704.6404628
2021-07-22,32000.0,33647.27,32287.75,33647.26,9004.84262627
2021-07-23,33424.7,34525.0,33647.27,34283.01,9864.75243703
2021-07-24,33888.89,35451.04,34291.67,35428.26,9434.63002297
2021-07-25,35251.54,40593.93,35428.25,37262.77,40354.54555841
2021-07-26,36413.26,39550.0,37262.76,39470.48,24709.10440908
2021-07-27,38803.34,40925.56,39475.99,40035.1,27198.33358111
2021-07-28,39229.47,40644.85,40035.1,40039.44,11022.42512817
2021-07-29,38342.0,42320.57,40039.44,42237.95,15063.2344059
2021-07-30,41064.11,42414.61,42233.66,41495.01,9351.94288576
2021-07-31,39426.0,42605.64,41499.0,39865.41,10617.67293456
2021-08-01,38690.0,40459.68,39859.18,39149.59,12379.41216528
2021-08-02,37627.21,39785.3,39149.59,38191.44,15094.81739624
2021-08-03,37509.0,39965.1,38189.4,39722.41,15327.67624669
2021-08-04,37300.0,41447.89,39718.9,40888.74,28507.85532682
2021-08-05,39876.74,43399.26,40888.73,42869.58,20425.1145444
2021-08-06,42457.27,44750.0,42869.59,44637.34,19634.79475606
2021-08-07,43131.97,45363.83,44628.11,43829.14,18712.27158173
2021-08-08,42821.3,46497.42,43829.15,46285.48,19464.72493503
2021-08-09,44650.27,46718.44,46280.0,45595.66,13756.50066875
2021-08-10,45350.74,46781.09,45601.82,45553.49,11628.32043954
2021-08-11,43714.36,46223.95,45553.1,44422.14,13169.78176994
2021-08-12,44249.64,47953.9,44422.15,47833.64,11794.94196257
2021-08-13,46034.93,48176.52,47833.64,47109.65,8130.36769388
2021-08-14,45525.19,47400.0,47109.64,47014.49,7745.70200802
2021-08-15,45676.91,48076.52,47014.38,45902.46,10467.66031475
2021-08-16,44405.39,47174.62,45903.22,44671.58,12756.14777945
2021-08-17,44216.47,46035.27,44675.34,44707.98,10327.49887365
2021-08-18,43955.0,47088.08,44709.1,46765.87,11938.12185013
2021-08-19,46644.95,49400.0,46769.02,49342.4,13184.67048641
2021-08-20,48285.28,49821.92,49349.99,48867.02,9574.83615164
2021-08-21,48102.89,49526.13,48870.21,49284.63,6243.39643384
2021-08-22,49012.84,50505.0,49284.38,49506.5,10824.26838095
2021-08-23,47600.0,49875.9,49504.53,47682.45,12068.33823315
2021-08-24,47122.02,49277.0,47682.45,48987.33,9289.23177109
2021-08-25,46315.48,49365.1,48991.57,46851.47,11651.34373853
2021-08-26,46361.01,49185.12,46851.47,49077.57,8924.12247655
2021-08-27,48370.0,49309.83,49081.08,48942.94,4895.70191319
2021-08-28,47801.0,49667.1,48942.89,48802.58,6935.09511006
2021-08-29,46866.0,48906.51,48802.58,46993.71,12249.23741495
2021-08-30,46708.93,48259.68,46996.8,47112.5,12919.43970212
2021-08-31,46537.62,49125.0,47110.33,48839.86,13010.83839478
2021-09-01,48620.73,50392.19,48834.27,49279.37,14120.3826407
2021-09-02,48349.66,51064.44,49279.38,50025.0,14577.22621879
2021-09-03,49400.0,50558.75,50025.0,49942.98,7595.48816499
2021-09-04,49500.0,51907.08,49944.89,51789.17,7743.93472308
2021-09-05,51020.08,52802.03,51789.17,52698.81,9571.75471136
2021-09-06,42830.77,52944.96,52698.8,46894.5,29022.815351
2021-09-07,44423.49,47381.47,46894.49,46060.36,19624.55093117
2021-09-08,45511.82,47400.0,46059.94,46400.0,13594.64633403
2021-09-09,44140.48,47040.76,46396.26,44851.45,14905.54795341
2021-09-10,44730.29,45989.94,44850.37,45171.83,6207.38337004
2021-09-11,44754.31,46462.98,45173.66,46024.23,6499.85821749
2021-09-12,43465.0,46900.0,46027.8,44947.72,15015.30289712
2021-09-13,44679.92,47274.92,44953.23,47127.22,12644.16435358
2021-09-14,46705.0,48475.0,47127.81,48148.12,12139.84206628
2021-09-15,47020.82,48499.99,48144.03,47753.16,11739.27966629
2021-09-16,46752.67,48176.64,47753.15,47303.5,9088.56956453
2021-09-17,47050.0,48825.62,47306.87,48314.56,7491.03449237
2021-09-18,46850.87,48379.19,48309.86,47255.92,7086.34626236
2021-09-19,42500.0,47358.92,47253.71,43012.97,27706.67636162
2021-09-20,39600.0,43639.88,43007.69,40719.6,27275.33818249
2021-09-21,40570.42,44035.44,40736.81,43575.1,19462.53865157
2021-09-22,43096.73,45000.0,43575.19,44897.59,13446.87468684
2021-09-23,40683.29,45200.0,44896.55,42848.92,22451.57711462
2021-09-24,41675.0,42998.76,42848.44,42705.51,7383.32390261
2021-09-25,40803.0,43937.0,42705.51,43178.02,9971.64545213
2021-09-26,42111.0,44366.96,43172.17,42171.76,10094.77099806
2021-09-27,40897.7,42780.0,42166.31,41026.07,10491.81363045
2021-09-28,40750.12,42638.99,41030.19,41522.16,10303.30152312
2021-09-29,41409.67,44110.17,41519.11,43824.43,12835.9838101
2021-09-30,43287.44,48500.0,43828.89,48165.76,20095.33155568
2021-10-01,47451.0,48359.33,48165.76,47657.69,7262.63442143
2021-10-02,47120.11,49300.0,47663.74,48233.99,7989.25925892
2021-10-03,46916.7,49505.0,48233.99,49245.54,13938.64182971
2021-10-04,49057.18,51906.23,49244.13,51493.99,17828.59726658
2021-10-05,50416.01,55757.11,51499.77,55339.48,25869.64925998
2021-10-06,53379.0,55356.85,55346.95,53797.82,15820.83417633
2021-10-07,53634.41,56113.0,53805.46,53963.82,12416.9019906
2021-10-08,53675.0,55500.0,53965.18,54962.29,7123.05512404
2021-10-09,54112.95,56545.24,54963.29,54690.53,9370.1912382
2021-10-10,54411.54,57833.23,54683.09,57487.44,13422.42081815
2021-10-11,53873.78,57674.55,57485.97,56005.1,15457.00896085
2021-10-12,54236.09,57771.33,56005.1,57367.32,14691.01338574
2021-10-13,56832.32,58520.71,57367.32,57359.51,12198.02457938
2021-10-14,56867.11,62910.0,57359.51,61695.39,27105.19764492
2021-10-15,60139.01,62350.0,61690.32,60877.42,10161.25819825
2021-10-16,58943.83,61744.17,60867.05,61527.11,9153.32273471
2021-10-17,59887.74,62675.19,61530.07,62042.41,19798.1489024
2021-10-18,61333.0,64500.0,62042.4,64303.14,17380.30486176
2021-10-19,63525.0,66999.0,64303.14,66026.54,19194.45410878
2021-10-20,62050.0,66650.85,66021.26,62204.02,23474.39133313
2021-10-21,60000.0,63750.0,62204.01,60687.64,17217.70765017
2021-10-22,59650.0,61750.0,60682.88,61300.01,6708.15013802
2021-10-23,59522.89,61491.96,61300.02,60854.48,8573.72719199
2021-10-24,60653.5,63726.58,60847.91,63083.54,10496.58058683
2021-10-25,59837.07,63290.49,63081.96,60337.62,12181.48144997
2021-10-26,58100.0,61488.0,60333.19,58455.47,18856.68565412
2021-10-28,60188.73,62974.0,60591.63,62276.72,15497.01101939
2021-10-29,60725.01,62379.2,62287.95,61892.41,6793.59698552
2021-10-30,60001.0,62427.02,61896.38,61343.68,8371.1698899
2021-10-31,59500.0,62500.0,61346.17,60949.54,11724.34161877
2021-11-01,60672.16,64300.0,60956.4,63266.51,13694.11539462
2021-11-02,60070.0,63568.36,63266.5,62935.41,12951.87181247
2021-11-03,60728.77,63114.14,62935.4,61444.5,11051.75853921
2021-11-04,60777.0,62638.59,61444.49,61006.15,10598.79620286
2021-11-05,60125.0,61599.25,61006.14,61539.31,6366.43859189
2021-11-06,61397.86,63327.96,61539.3,63309.13,5596.02460734
2021-11-07,63309.12,67792.77,63309.12,67554.84,17661.87297159
2021-11-08,66261.79,68568.85,67554.13,66944.66,14996.62508818
2021-11-09,62800.0,69000.0,66938.76,64912.2,19030.24517744
2021-11-10,64133.78,65600.0,64912.2,64807.59,10259.51472415
2021-11-11,62300.0,65477.06,64807.73,64147.9,13658.626579
2021-11-12,63394.17,64990.0,64144.42,64400.01,5968.10354833
2021-11-13,63596.9,65525.0,64400.01,65505.02,6081.57225975
2021-11-14,63371.0,66339.9,65505.03,63624.59,10426.55522646
2021-11-15,58638.0,63624.6,63621.05,60107.98,24910.15267457
2021-11-16,58380.0,60824.38,60101.56,60351.51,20907.21545076
2021-11-17,56514.13,60977.21,60351.51,56898.0,26749.21203012
2021-11-18,55625.0,58412.12,56898.46,58122.16,18554.56064192
2021-11-19,57423.35,59900.0,58122.15,59760.76,7584.65241653
2021-11-20,58509.69,60070.0,59760.76,58671.21,6661.36635434
2021-11-21,55641.03,59526.51,58671.22,56280.81,15889.22078935
2021-11-22,55377.0,57886.03,56280.81,57566.85,14019.78167156
2021-11-23,55875.01,57607.97,57562.65,57162.66,12509.25971944
2021-11-24,57037.04,59445.99,57158.58,58987.27,10668.67680723
2021-11-25,53533.0,59194.0,58994.72,53757.67,25946.30174683
2021-11-26,53642.58,55316.67,53757.67,54759.05,7899.30349126
2021-11-27,53327.0,57490.0,54759.04,57317.17,8222.42493442
2021-11-28,56730.0,58908.27,57318.51,57838.06,13454.23335496
2021-11-29,55910.33,59249.77,57838.06,56987.97,18038.78770838
2021-11-30,56465.75,59118.84,56998.35,57226.5,16607.30872879
2021-12-01,55845.0,57423.69,57226.51,56521.46,12969.21952648
2021-12-02,51640.0,57670.68,56521.45,53638.04,19567.63113833
2021-12-03,42333.0,53876.09,53633.02,49241.12,39023.32978526
2021-12-04,47827.0,49783.0,49235.26,49484.22,21727.13821193
2021-12-05,47200.0,51105.0,49484.21,50529.56,23082.30465624
2021-12-06,50067.1,51995.0,50529.56,50625.48,14107.33216632
2021-12-07,48650.02,51250.0,50625.24,50519.68,13138.99183299
2021-12-08,47323.23,50844.86,50520.94,47568.43,15749.4243393
2021-12-09,46900.0,50148.49,47568.43,47170.94,15689.5742182
2021-12-10,46786.78,49517.18,47170.94,49407.75,11045.22374119
2021-12-11,48665.43,50828.13,49424.47,50089.64,10411.08180306
2021-12-12,45727.92,50218.42,50089.64,46727.89,20797.28834629
2021-12-13,46300.0,48686.91,46727.89,48367.43,17107.0342879
2021-12-14,46530.0,49500.0,48359.23,48884.78,21621.70983741
2021-12-15,47524.66,49459.39,48878.83,47634.22,12731.23681745
2021-12-16,45469.32,48000.0,47634.2,46166.5,18556.07900007
2021-12-17,45515.72,47368.73,46159.87,46859.46,8170.85303229
2021-12-18,46440.11,48351.92,46857.49,46687.19,9518.7071282
2021-12-19,45568.0,47548.93,46687.2,46926.07,16039.38510407
2021-12-20,46645.05,49339.31,46926.07,48914.7,15461.4105731
2021-12-21,48450.0,49595.0,48914.7,48608.62,10753.4990677
2021-12-22,48032.16,51397.82,48608.61,50842.2,16627.04627954
2021-12-23,50445.55,51878.6,50842.06,50851.38,11690.45418179
2021-12-24,50191.84,51171.68,50852.31,50428.31,5550.57153185
2021-12-25,49460.0,51295.33,50428.31,50801.79,6863.39473781
2021-12-26,50480.0,52100.0,50804.33,50717.77,11596.91468191
2021-12-27,47300.23,50720.35,50720.35,47543.09,23116.75583707
2021-12-28,46094.02,48149.58,47542.2,46471.24,20326.32142372
2021-12-29,45938.44,47926.15,46471.24,47122.08,27413.65364976
2021-12-30,45650.0,48574.7,47122.09,46211.24,19010.24134509
2021-12-31,46205.0,47967.12,46211.24,47733.43,9463.6617111
2022-01-01,46633.36,47990.0,47733.43,47299.07,6833.49845548
2022-01-02,45700.0,47583.33,47299.06,46459.56,10841.81020453
2022-01-03,45515.0,47532.89,46459.57,45814.61,16320.32712866
2022-01-04,42500.0,47076.55,45817.13,43436.04,25067.67476765
2022-01-05,42432.99,43794.5,43446.34,43083.76,20780.04784989
2022-01-06,40571.53,43144.72,43081.79,41565.18,26122.19990673
2022-01-07,40505.3,42318.97,41564.57,41684.84,15454.11315131
2022-01-08,41209.53,42831.12,41684.84,41876.52,11074.22498167
2022-01-09,39650.0,42250.0,41876.52,41824.07,25232.35739583
2022-01-10,41274.8,43130.0,41824.06,42753.44,19697.46613255
2022-01-11,42459.21,44342.83,42749.84,43920.37,16250.21469714
2022-01-12,42325.0,44453.22,43921.21,42581.65,14772.09478571
2022-01-13,41752.0,43473.98,42576.27,43090.72,13545.75086459
2022-01-14,42577.35,43819.39,43090.72,43098.2,6318.38550193
2022-01-15,42600.0,43497.24,43098.2,43104.34,6481.6580227
2022-01-16,41567.64,43200.0,43104.34,42218.01,10963.85191034
2022-01-17,41287.79,42692.71,42214.66,42369.74,13658.50365699
2022-01-18,41126.0,42586.03,42372.15,41674.27,15642.41727542
2022-01-19,40555.0,43511.99,41672.14,40670.97,17860.82318928
2022-01-20,35422.0,41127.79,40671.77,36456.94,50742.89616126
2022-01-21,34017.56,36835.93,36456.67,35066.43,30044.12486365
2022-01-22,34625.0,36555.55,35075.7,36282.47,17440.22740453
2022-01-23,32933.33,37574.63,36275.28,36693.32,38776.29020908
2022-01-24,35716.15,37579.81,36687.58,36980.0,21597.52201359
2022-01-25,36254.97,38960.0,36980.0,36840.63,27403.99125336
2022-01-26,35526.36,37249.0,36846.22,37188.37,23601.4620954
2022-01-27,36162.48,38023.74,37188.37,37741.9,22716.16494796
2022-01-28,37300.0,38748.43,37741.9,38191.1,13103.19076443
2022-01-29,37365.31,38384.07,38189.82,37901.35,10632.53591257
2022-01-30,36640.94,38785.04,37904.99,38491.93,19654.98487168
2022-01-31,38021.53,39300.0,38492.53,38716.88,16379.93141492
2022-02-01,36584.29,38888.88,38714.27,36923.39,13787.58718711
2022-02-02,36259.01,37450.75,36923.39,37329.91,13283.28624677
2022-02-03,37051.36,41788.81,37324.61,41614.64,22537.5582634
2022-02-04,40955.4,41970.0,41613.75,41404.85,11187.20118795
2022-02-05,41135.39,42719.93,41411.59,42415.16,6447.88488893
2022-02-06,41678.79,44533.0,42416.06,43868.07,20040.49860442
2022-02-07,42688.0,45519.24,43868.08,44085.59,20387.64565183
2022-02-08,43155.5,44865.46,44087.58,44416.35,12785.8117079
2022-02-09,43210.0,45855.0,44416.39,43527.71,20024.52326862
2022-02-10,42000.0,43962.13,43521.88,42386.47,19367.4151999
2022-02-11,41750.0,43050.0,42386.47,42244.97,8664.419567
2022-02-12,41885.61,42781.96,42244.91,42074.99,6208.94093653
2022-02-13,41570.0,42876.15,42073.37,42548.71,14805.98338836
2022-02-14,42433.28,44775.96,42548.71,44583.52,14154.73452625
2022-02-15,43330.59,44585.69,44580.73,43895.56,9663.44040395
2022-02-16,40099.99,44195.62,43895.55,40536.73,18630.10842181
2022-02-17,39425.07,40990.9,40537.94,39983.56,16491.0130588
2022-02-18,39655.0,40469.82,39993.64,40101.94,6277.30201343
2022-02-19,38000.0,40146.07,40101.93,38389.03,10972.32175685
2022-02-20,36811.0,39506.91,38395.99,37023.0,20970.76378699
2022-02-21,36350.0,38469.06,37022.11,38251.48,22767.08772002
2022-02-22,37055.0,39276.85,38251.67,37268.19,15510.11329997
2022-02-23,34322.0,39720.0,37268.18,38347.3,42124.51876077
2022-02-24,38016.44,39716.0,38347.3,39238.48,20761.66924479
2022-02-25,38592.04,40300.5,39242.71,39137.8,8601.67109728
2022-02-26,37020.0,39875.71,39146.97,37717.08,14440.23638182
2022-02-27,37455.71,44240.77,37716.57,43192.66,25699.68423401
2022-02-28,42850.0,44993.12,43189.61,44439.95,22596.96095342
2022-03-01,43342.16,45426.45,44440.0,43912.34,17466.98591437
2022-03-02,41811.0,44096.45,43916.47,42464.41,19278.28224695
2022-03-03,38577.01,42524.87,42464.41,39166.51,24080.60599433
2022-03-04,38587.27,39600.0,39166.5,39402.43,8440.51638896
2022-03-05,38091.02,39730.5,39407.87,38408.38,10099.98545246
2022-03-06,37161.88,39556.58,38406.82,37994.0,19544.28414901
2022-03-07,37851.54,39376.65,37991.05,38749.38,19132.76914326
2022-03-08,38655.98,42597.84,38749.16,41953.97,24651.67344036
2022-03-09,38560.85,42053.84,41949.28,39433.71,20814.01456026
2022-03-10,38234.08,40251.51,39431.4,38732.04,15908.57521389
2022-03-11,38654.02,39472.17,38732.33,38813.02,5644.14686801
2022-03-12,37580.86,39318.19,38815.56,37793.01,8046.37612453
2022-03-13,37560.4,39906.39,37793.4,39674.17,13566.81093809
2022-03-14,38135.0,39900.0,39678.51,39298.1,14924.67641882
2022-03-15,38850.0,41717.67,39298.11,41127.97,22805.48259593
2022-03-16,40521.0,41486.0,41127.96,40950.33,15717.77421989
2022-03-17,40130.0,42396.04,40950.23,41774.98,17181.15226772
2022-03-18,41534.89,42429.0,41781.37,42232.26,8630.97283924
2022-03-19,40918.72,42330.1,42232.05,41287.24,7621.03036678
2022-03-20,40509.0,41578.33,41287.24,41017.71,10996.47661055
2022-03-21,40885.19,43389.79,41017.7,42378.26,19913.28660924
2022-03-22,41766.79,43036.95,42376.03,42899.71,13745.27563632
2022-03-23,42627.48,44241.0,42899.71,44012.29,21827.93263859
2022-03-24,43605.8,45130.91,44012.36,44331.85,19128.13735444
2022-03-25,44091.09,44820.58,44336.19,44539.42,7305.17827992
2022-03-26,44437.22,46950.0,44538.21,46850.01,10356.10317002
2022-03-27,46662.28,48240.0,46850.01,47144.92,18787.66318707
2022-03-28,46589.0,48124.94,47146.92,47454.19,15776.65108647
2022-03-29,46544.89,47717.01,47448.41,47078.03,12672.44584707
2022-03-30,45211.0,47624.09,47078.02,45528.45,17454.79144251
2022-03-31,44232.86,46739.24,45525.25,46296.34,18111.13598043
2022-04-01,45642.89,47219.46,46296.36,45826.27,8380.14274375
2022-04-02,45552.07,47469.4,45826.24,46422.16,8773.77185888
2022-04-03,45129.93,46900.0,46420.08,46596.83,13802.44111729
2022-04-04,45371.16,47200.0,46594.39,45506.5,14390.57308541
2022-04-05,43115.26,45523.25,45509.92,43166.7,24250.37283725
2022-04-06,42734.69,43908.58,43166.71,43452.18,13245.36612438
2022-04-07,42112.0,44000.0,43444.71,42262.02,11929.52123708
2022-04-08,42118.96,42816.38,42261.9,42766.93,4805.71689778
2022-04-09,41885.86,43443.32,42766.46,42165.96,5770.49368126
2022-04-10,39204.59,42424.14,42165.96,39535.87,17229.3729009
2022-04-11,39250.0,40705.68,39535.88,40086.23,13866.41847396
2022-04-12,39550.0,41570.88,40086.7,41146.68,11457.63380548
2022-04-13,39573.8,41512.43,41147.15,39954.08,11020.37202049
2022-04-14,39770.22,40850.0,39953.62,40554.58,6448.01134712
2022-04-15,40005.0,40699.99,40554.6,40387.6,4084.16565112
2022-04-16,39553.07,40605.46,40387.6,39683.54,4833.31493601
2022-04-17,38550.0,41100.0,39681.11,40803.58,13090.79423386
2022-04-18,40571.99,41772.94,40810.87,41503.85,10218.113707
2022-04-19,40900.0,42209.58,41501.56,41377.61,14609.28392672
2022-04-20,39744.75,43109.47,41371.88,40480.81,17204.35326683
2022-04-21,39174.8,40802.65,40483.38,39712.25,16871.32104798
2022-04-22,39296.19,39993.82,39712.2,39465.87,6957.16710365
2022-04-23,39000.0,39945.74,39459.63,39464.56,6436.45656858
2022-04-24,38210.24,40605.3,39463.75,40439.22,20515.87532995
2022-04-25,37700.0,40817.16,40440.9,38113.82,21648.1142493
2022-04-26,37882.83,39470.0,38118.43,39251.11,20832.19649199
2022-04-27,38883.83,40400.0,39251.02,39743.22,16718.83057299
2022-04-28,38161.85,39926.8,39741.21,38593.1,14282.25993546
2022-04-29,37590.0,38795.0,38592.27,37644.1,6931.07200088
2022-04-30,37401.0,38675.37,37640.35,38473.05,7980.89975954
2022-05-01,38041.0,39181.27,38469.49,38510.89,17946.98346298
2022-05-02,37505.01,38643.48,38510.88,37719.59,17946.99450089
2022-05-03,37651.38,40038.27,37719.58,39669.56,21513.95419034
2022-05-04,35568.0,39864.55,39669.56,36537.22,28832.99792317
2022-05-05,35255.4,36664.4,36537.22,35999.1,28626.6487821
2022-05-06,34785.0,36125.0,35999.1,35458.0,11372.45319184
2022-05-07,33701.0,35499.93,35458.0,34027.91,22357.51152059
2022-05-08,30010.0,34231.54,34033.49,30078.27,55136.45332765
2022-05-09,29735.05,32645.49,30078.27,31002.39,55818.01900282
2022-05-10,27682.38,32185.9,31002.39,28972.34,61128.25296303
2022-05-11,25338.53,30091.2,28977.75,28941.95,70702.60931849
2022-05-12,28662.7,30990.0,28941.95,29232.18,34643.05118869
2022-05-13,28564.38,30287.58,29234.73,30041.88,15245.46818403
2022-05-14,29436.06,31418.35,30041.9,31290.05,16440.89298551
2022-05-15,29055.0,31293.31,31290.02,29839.89,22646.18507353
2022-05-16,29415.01,30750.0,29839.89,30412.12,19833.30676705
2022-05-17,28605.0,30675.92,30412.1,28672.94,28348.42643576
2022-05-18,28645.2,30500.0,28671.5,30274.59,29009.9710577
2022-05-19,28690.92,30729.83,30274.59,29155.75,34328.18791921
2022-05-20,28913.26,29613.34,29155.74,29408.26,9998.48360206
2022-05-21,29211.0,30457.9,29407.4,30260.87,11774.13662231
2022-05-22,28847.72,30635.39,30258.04,29082.52,25413.0825529
2022-05-23,28611.0,29802.0,29079.31,29626.44,17077.03870179
2022-05-24,29296.12,30192.08,29627.61,29503.49,17180.56600794
2022-05-25,28000.0,29850.0,29503.48,29166.06,26598.58606063
2022-05-26,28220.0,29355.4,29166.06,28598.31,21035.53736928
2022-05-27,28500.0,29239.52,28598.31,29008.99,7717.34367577
2022-05-28,28809.84,29550.0,29008.99,29447.07,6727.92770357
2022-05-29,29273.65,32232.16,29447.08,31711.42,24915.37275974
2022-05-30,31195.9,32383.96,31716.67,31784.05,21187.77667355
2022-05-31,29308.01,31964.56,31784.18,29788.79,26857.46263482
2022-06-01,29558.61,30655.0,29789.19,30433.75,18519.12608247
2022-06-02,29213.47,30674.95,30429.12,29670.85,15016.78184772
2022-06-03,29454.14,29952.0,29672.77,29843.18,6390.75942952
2022-06-04,29505.65,30158.44,29837.56,29901.54,5482.4963235
2022-06-05,29866.44,31745.0,29899.62,31343.61,20384.91220986
2022-06-06,29200.0,31549.21,31349.59,31106.9,23234.0811685
2022-06-07,29829.98,31306.32,31111.0,30177.0,16775.53319148
2022-06-08,29904.0,30679.72,30182.92,30079.62,13334.23491125
2022-06-09,28821.15,30337.83,30079.59,29063.11,23208.77056569
2022-06-10,28080.01,29411.11,29058.79,28388.63,13276.76193059
2022-06-11,26532.95,28516.33,28395.03,26555.2,18661.94193886
2022-06-12,21920.0,26869.35,26555.17,22460.97,81724.84469418
2022-06-13,20816.4,23299.22,22460.97,22120.25,47382.80135514
2022-06-14,20071.0,22769.12,22120.23,22562.33,62040.45345538
2022-06-15,20200.0,22974.1,22562.33,20372.0,37587.2170128
2022-06-16,20209.73,21338.7,20371.96,20447.86,25560.04919013
2022-06-17,17567.45,20750.0,20447.86,18948.89,52894.97568032
2022-06-18,17934.26,20795.11,18944.66,20552.44,29383.34368967
2022-06-19,19603.8,21041.62,20552.39,20549.75,24904.11647858
2022-06-20,20328.03,21711.0,20547.68,20696.96,23770.75139634
2022-06-21,19751.51,20873.52,20699.63,19968.46,26569.63207564
2022-06-22,19869.41,21211.97,19970.07,21104.45,21460.76883515
2022-06-23,20712.54,21537.46,21104.45,21223.72,21361.7652594
2022-06-24,20900.0,21594.5,21221.13,21478.04,12877.9734191
2022-06-25,20944.68,21866.0,21474.14,21027.92,11145.88852674
2022-06-26,20500.0,21520.0,21024.85,20725.17,17440.94268269
2022-06-27,20164.7,21189.99,20722.95,20252.89,17658.6604167
2022-06-28,19823.43,20410.91,20253.5,20094.79,18278.45185883
2022-06-29,18603.0,20143.53,20098.0,19985.62,28361.45876221
2022-06-30,18938.33,20879.99,19985.62,19252.76,32977.00052272
2022-07-01,18955.02,19422.02,19252.76,19224.03,10707.74160684
2022-07-02,18755.75,19622.33,19225.54,19291.33,11826.36538269
2022-07-03,19029.33,20331.76,19291.35,20211.35,14462.57230204
2022-07-04,19274.95,20734.89,20212.42,20153.51,21938.40185419
2022-07-05,19743.0,20650.0,20153.74,20542.67,18489.12900774
2022-07-06,20224.8,21855.72,20542.66,21614.6,25211.332802
2022-07-07,21172.0,22490.54,21618.04,21582.2,25311.00378887
2022-07-08,21311.04,21959.3,21582.28,21583.99,9424.31410235
2022-07-09,20636.53,21595.75,21582.23,20850.65,9610.90399408
2022-07-10,19860.12,20854.32,20850.65,19942.43,16061.45339697
2022-07-11,19226.47,20037.46,19942.44,19303.65,21631.52226271
2022-07-12,18892.0,20330.71,19304.71,20220.23,28211.91563971
2022-07-13,19607.14,20893.73,20219.69,20577.02,24371.50910244
2022-07-14,20368.67,21196.37,20574.96,20827.55,17731.34162095
2022-07-15,20475.94,21582.71,20823.06,21189.68,12479.60342503
2022-07-16,20750.1,21667.1,21189.23,20791.74,11450.67396279
2022-07-17,20755.95,22777.0,20791.74,22427.56,31445.5132866
2022-07-18,21578.57,23800.0,22434.97,23395.06,34808.90125305
2022-07-19,22899.0,24287.13,23398.46,23226.99,34094.81155381
2022-07-20,22340.07,23434.65,23225.24,23153.96,24113.43095206
2022-07-21,22505.56,23763.55,23152.76,22687.68,20884.25890814
2022-07-22,21941.01,23006.16,22688.85,22450.69,12592.30066753
2022-07-23,22263.85,23036.46,22451.36,22583.43,9132.96152481
2022-07-24,21254.97,22665.74,22583.37,21313.41,22277.31378773
2022-07-25,20715.0,21344.43,21312.06,21261.57,19333.35688939
2022-07-26,21045.73,23110.73,21260.22,22962.59,24206.7301153
2022-07-27,22580.86,24206.11,22960.74,23851.7,25681.25351287
2022-07-28,23429.71,24450.0,23851.66,23784.5,18431.00204878
2022-07-29,23516.11,24666.0,23787.84,23650.13,13265.47821461
2022-07-30,23240.01,24192.18,23648.15,23307.44,7969.64723008
2022-07-31,22850.0,23518.89,23307.44,23273.86,12543.48560075
2022-08-01,22659.06,23464.97,23273.85,22989.4,15013.77828925
2022-08-02,22694.56,23650.96,22994.78,22825.0,23966.78092491
2022-08-03,22392.88,23234.29,22824.88,22623.94,21755.96366822
2022-08-04,22589.83,23478.58,22624.44,23320.81,26745.91293062
2022-08-05,22917.49,23357.19,23320.71,22960.93,9285.19244923
2022-08-06,22852.13,23405.02,22960.86,23177.39,8297.19227173
2022-08-07,23158.32,24251.08,23180.26,23815.65,24093.33217697
2022-08-08,22871.66,23929.35,23815.68,23158.27,22349.07822206
2022-08-09,22666.23,24224.67,23158.32,23962.18,25974.49772434
2022-08-10,23862.66,24929.99,23959.3,23944.86,29681.35922757
2022-08-11,23600.01,24463.01,23944.85,24415.18,17244.15100332
2022-08-12,24302.36,24898.91,24415.08,24456.49,13678.30446343
2022-08-13,24151.63,25054.1,24456.17,24316.71,23306.17100393
2022-08-14,23777.0,25214.57,24316.58,24097.82,27821.25610894
2022-08-15,23668.0,24253.98,24099.7,23857.93,19601.90580439
2022-08-16,23180.14,24448.49,23857.89,23341.17,22747.43895287
2022-08-17,23107.27,23600.0,23344.42,23189.46,13825.6308966
2022-08-18,20782.39,23206.76,23188.94,20834.94,45962.7257428
2022-08-19,20760.93,21372.93,20834.94,21139.23,21809.4048831
2022-08-20,21067.33,21795.08,21139.22,21518.62,16024.82128336
2022-08-21,20889.69,21540.0,21514.45,21398.25,26215.93682469
2022-08-22,20889.69,21679.52,21396.37,21528.34,22744.05096265
2022-08-23,21147.41,21925.0,21526.74,21367.12,22538.91385671
2022-08-25,20112.78,21878.05,21561.49,20240.72,37169.02639568
2022-08-26,19800.0,20389.14,20240.63,20036.69,22160.97938125
2022-08-27,19513.74,20164.26,20035.3,19554.03,17117.31912737
2022-08-28,19545.57,20427.19,19552.31,20286.97,33436.35652183
2022-08-29,19540.14,20582.64,20286.95,19813.17,46462.27938622
2022-08-30,19799.97,20489.0,19813.97,20048.26,36587.60323535
2022-08-31,19561.01,20205.53,20048.27,20133.65,23858.64862602
2022-09-01,19755.0,20444.0,20132.67,19953.74,19929.54590305
2022-09-02,19655.0,20053.9,19953.4,19835.47,9538.49811675
2022-09-03,19588.27,20026.2,19833.59,20004.73,10670.60766559
2022-09-04,19633.11,20060.0,20003.85,19794.58,13935.11385555
2022-09-05,18663.25,20179.86,19794.59,18790.91,34029.11126955
2022-09-06,18527.0,19466.09,18790.77,19293.52,25583.39915964
2022-09-07,19014.43,19460.7,19293.03,19321.87,20327.61614165
2022-09-08,19294.49,21616.21,19322.56,21364.5,39579.81208118
2022-09-09,21127.1,21815.15,21366.61,21651.52,17750.76003376
2022-09-10,21356.37,21865.66,21656.03,21831.72,14386.63340528
2022-09-11,21555.0,22490.05,21830.16,22402.71,28404.49469955
2022-09-12,19855.0,22800.0,22402.58,20174.78,37351.56014939
2022-09-13,19625.0,20545.0,20174.78,20227.77,25139.52734416
2022-09-14,19500.0,20336.42,20227.7,19703.67,21124.30384367
2022-09-15,19305.0,19890.95,19703.65,19801.04,24863.81492556
2022-09-16,19748.89,20183.14,19800.26,20113.37,11557.14724341
2022-09-17,19335.57,20119.08,20113.37,19417.64,16437.90668757
2022-09-18,18255.0,19689.62,19417.56,19540.38,30961.4463315
2022-09-19,18722.0,19638.46,19538.31,18876.91,27437.23361358
2022-09-20,18153.13,19949.97,18876.14,18462.64,44344.46282424
2022-09-21,18358.63,19521.8,18462.66,19401.25,41006.95212665
2022-09-22,18529.0,19500.0,19399.93,19286.01,30781.38249694
2022-09-23,18808.13,19311.4,19286.03,18923.2,17644.76169841
2022-09-24,18619.88,19184.3,18920.93,18808.61,14499.16320537
2022-09-25,18681.02,19320.86,18806.3,19228.0,33108.05445715
2022-09-26,18821.55,20383.15,19226.94,19077.57,51860.03004114
2022-09-27,18487.0,19773.67,19077.56,19412.07,43710.30467197
2022-09-28,18845.3,19646.66,19412.37,19595.57,34783.53737085
2022-09-29,19154.38,20182.72,19595.59,19426.11,34243.66392923
2022-09-30,19160.0,19486.43,19423.57,19315.27,7337.45595566
2022-10-01,18923.81,19398.94,19315.26,19059.17,12951.42404465
2022-10-02,18958.29,19717.67,19059.1,19633.46,28571.64018677
2022-10-03,19495.32,20479.43,19632.43,20345.19,32685.41637125
2022-10-04,19750.0,20371.15,20345.27,20161.62,33542.20736149
2022-10-05,19855.19,20455.79,20162.15,19965.64,44044.43606305
2022-10-06,19325.0,20065.26,19963.75,19533.05,34938.97272677
2022-10-07,19250.0,19628.78,19531.68,19419.39,9745.2545363
2022-10-08,19321.0,19563.28,19421.49,19443.47,12537.63788265
2022-10-09,19028.08,19528.04,19442.7,19132.83,26596.56843638
2022-10-10,18855.19,19265.69,19130.8,19058.11,36248.01909763
2022-10-11,18971.51,19235.26,19058.42,19155.92,24862.65344825
2022-10-12,18131.0,19509.23,19153.97,19378.65,49160.49651762
2022-10-13,19076.83,19954.14,19375.55,19178.0,46208.33260444
2022-10-14,18983.0,19229.12,19179.15,19070.24,9062.82835275
2022-10-15,19065.23,19425.49,19070.62,19264.44,8310.92834083
2022-10-16,19154.72,19679.46,19261.62,19550.4,24137.12482696
2022-10-17,19091.77,19702.73,19550.39,19328.76,27645.59742478
2022-10-18,19062.1,19361.0,19328.75,19124.18,22284.13292808
2022-10-19,18905.0,19349.04,19123.77,19042.48,28405.7559743
2022-10-20,18659.0,19254.52,19043.66,19166.45,24206.36088454
2022-10-21,19110.46,19257.66,19164.92,19209.1,7044.99034028
2022-10-22,19070.92,19698.1,19209.09,19572.44,12086.31175412
2022-10-23,19159.35,19603.57,19572.2,19330.41,29432.58356293
2022-10-24,19240.76,20420.88,19332.11,20086.28,42452.33701168
2022-10-25,20055.85,21022.81,20086.27,20775.4,43618.9919315
2022-10-26,20196.01,20878.17,20773.59,20296.97,34123.58255469
2022-10-27,20000.0,20755.09,20295.77,20597.91,29581.75150226
2022-10-28,20561.2,21080.0,20597.34,20823.53,19822.75126022
2022-10-29,20523.92,20939.35,20822.38,20630.68,13737.38848362
2022-10-30,20237.0,20837.68,20629.21,20489.94,22222.73611567
2022-10-31,20326.55,20691.0,20489.55,20479.63,21147.00854592
2022-11-01,20059.53,20805.0,20480.34,20151.4,43913.21904186
2022-11-02,20032.02,20390.82,20151.29,20206.88,26837.37211156
2022-11-03,20181.61,21298.76,20208.02,21144.2,42027.16281295
2022-11-04,21082.54,21478.8,21149.03,21300.45,14076.70487828
2022-11-05,20886.26,21365.89,21300.45,20909.17,10958.4932636
2022-11-06,20394.34,21069.46,20908.15,20593.49,25279.82916936
2022-11-07,17500.0,20675.0,20593.34,18550.25,84056.63082724
2022-11-08,15512.0,18590.34,18546.07,15891.96,119633.96194081
2022-11-09,15720.0,18140.62,15894.77,17553.89,91496.98548059
2022-11-10,16336.05,17641.32,17555.44,17013.62,64776.6547934
2022-11-11,16595.25,17067.7,17014.78,16783.33,23830.0578576
2022-11-12,16214.95,16926.57,16783.32,16301.39,23266.69734743
2022-11-13,15790.25,17169.68,16298.75,16590.73,55601.93469977
2022-11-14,16502.85,17107.88,16588.41,16877.93,48155.32053543
2022-11-15,16358.66,16994.31,16879.37,16645.24,37249.70414522
2022-11-16,16396.0,16736.7,16646.58,16680.47,22484.77507436
2022-11-17,16526.28,16984.08,16680.47,16680.59,26970.34405749
2022-11-18,16534.83,16802.0,16678.85,16683.02,9396.04770097
2022-11-19,16154.65,16733.19,16680.7,16252.53,16685.1909604
2022-11-20,15460.0,16279.99,16252.43,15760.14,43799.91803333
2022-11-21,15596.22,16294.5,15758.96,16199.71,44555.90690195
2022-11-22,16142.99,16700.0,16201.15,16587.0,37143.06609396
2022-11-23,16450.62,16797.28,16585.83,16587.61,21819.50497344
2022-11-24,16333.0,16610.08,16587.6,16510.9,20800.91157317
2022-11-25,16376.1,16693.18,16510.9,16450.93,12308.57070713
2022-11-26,16395.0,16589.43,16450.32,16419.88,10825.69525321
2022-11-27,15992.64,16478.32,16421.63,16206.3,30336.24756667
2022-11-28,16092.53,16541.72,16206.23,16438.0,21901.9847881
2022-11-29,16423.37,17259.37,16437.94,17167.33,42517.61172285
2022-11-30,16855.0,17317.8,17165.44,16980.08,31798.99151828
2022-12-01,16791.02,17108.25,16980.07,17094.71,23096.43686725
2022-12-02,16863.58,17158.42,17094.25,16888.53,14081.4506716
2022-12-03,16882.86,17199.99,16889.17,17108.9,16961.10828839
2022-12-04,16865.22,17424.59,17108.9,16966.05,33618.45109026
2022-12-05,16904.04,17111.35,16966.05,17089.05,26693.6101171
2022-12-06,16679.52,17140.22,17089.18,16840.0,22635.46848793
2022-12-07,16738.0,17300.59,16839.76,17226.01,23533.23453743
2022-12-08,17060.69,17352.62,17226.03,17130.59,20976.63699864
2022-12-09,17093.42,17227.64,17130.49,17128.1,7860.58687575
2022-12-10,17073.19,17271.92,17128.1,17085.21,9948.85267032
2022-12-11,16875.83,17244.63,17085.62,17211.66,20659.65709227
2022-12-12,17089.17,17999.99,17212.9,17773.18,38316.03172467
2022-12-13,17660.93,18385.36,17772.98,17804.97,49295.42072146
2022-12-14,17275.02,17856.26,17805.36,17357.96,37834.73808374
2022-12-15,16529.53,17525.0,17359.1,16632.64,47159.86300655
2022-12-16,16585.64,16799.99,16634.29,16782.25,18446.6836015
2022-12-17,16663.76,16875.0,16782.23,16741.16,11073.43886205
2022-12-18,16273.4,16822.84,16742.33,16439.74,26856.08598724
2022-12-19,16398.22,17060.86,16439.98,16897.65,34330.28235168
2022-12-20,16725.78,16926.05,16896.17,16826.56,16743.62189364
2022-12-21,16560.84,16868.82,16825.18,16815.51,21269.7673979
2022-12-22,16719.57,16943.29,16815.28,16777.21,21958.88697726
2022-12-23,16775.88,16863.62,16777.88,16837.12,9502.80320659
2022-12-24,16720.89,16853.88,16837.24,16829.02,7065.21656572
2022-12-25,16787.97,16939.81,16829.19,16917.96,8493.27661167
2022-12-26,16585.97,16967.0,16916.66,16698.73,17482.09318834
2022-12-27,16460.0,16777.35,16698.31,16539.66,23345.55126307
2022-12-28,16479.5,16654.81,16539.66,16627.54,20088.46487471
2022-12-29,16326.16,16649.99,16627.36,16600.1,26532.28003447
2022-12-30,16462.49,16634.42,16599.98,16530.35,15414.5294044
2022-12-31,16490.0,16621.0,16531.83,16611.58,10668.73697739
2023-01-01,16542.52,16789.99,16611.9,16666.95,13560.46017964
2023-01-02,16600.0,16772.3,16666.86,16669.47,17612.35527749
2023-01-03,16645.87,16988.0,16668.95,16844.42,25922.70680625
2023-01-04,16750.07,16872.13,16844.4,16825.69,14918.22913349
2023-01-05,16670.82,17027.11,16825.53,16948.06,24235.38704157
2023-01-06,16903.58,16977.76,16948.0,16942.37,5680.11799379
2023-01-07,16910.41,17167.52,16942.37,17125.18,9195.45985397
2023-01-08,17102.97,17396.25,17125.17,17177.98,33252.15435855
2023-01-09,17145.1,17494.37,17177.94,17443.5,24901.57485784
2023-01-10,17315.08,17998.0,17443.5,17944.27,27251.01602186
2023-01-11,17904.83,19115.85,17944.15,18847.75,61938.44269045
2023-01-12,18714.8,20000.0,18847.77,19934.88,55049.6223488
2023-01-13,19893.25,21321.98,19934.07,20957.02,58239.87328811
2023-01-14,20560.16,21057.3,20956.2,20879.7,25709.30241812
2023-01-15,20611.45,21465.62,20879.67,21187.5,41151.35428763
2023-01-16,20844.73,21595.0,21191.46,21136.33,32656.47978348
2023-01-17,20370.01,21650.21,21135.01,20674.29,34600.25647175
2023-01-18,20656.52,21197.0,20674.03,21084.22,23436.75404601
2023-01-19,20865.64,22754.73,21084.05,22669.81,32810.59587882
2023-01-20,22432.45,23375.6,22671.09,22789.37,32657.60500465
2023-01-21,22298.15,23082.82,22789.34,22714.87,25548.28914044
2023-01-22,22500.01,23180.55,22714.81,22920.29,32380.77464386
2023-01-23,22460.17,23165.56,22920.67,22636.17,39180.10567306
2023-01-24,22326.24,23824.66,22636.19,23062.36,38496.91631901
2023-01-25,22853.61,23287.38,23062.36,23010.47,30187.01702655
2023-01-26,22540.76,23511.9,23011.37,23084.4,27185.13487749
2023-01-27,22884.0,23196.99,23084.38,23028.95,7466.33930339
2023-01-28,22974.75,23966.0,23029.56,23745.8,20952.76361397
2023-01-29,22500.0,23802.99,23744.34,22836.03,34312.28644397
2023-01-30,22719.68,23313.23,22836.03,23128.86,22721.77475761
2023-01-31,22760.0,23813.57,23127.15,23735.97,20292.22416962
2023-02-01,23367.87,24262.18,23735.97,23493.84,16368.92138269
2023-02-02,23208.01,23720.0,23497.29,23433.54,14215.66842983
2023-02-03,23257.71,23589.67,23433.47,23328.87,3567.13007478
2023-02-04,22758.01,23433.2,23329.47,22936.34,6574.34533251
2023-02-05,22637.51,23163.05,22936.34,22764.07,12149.94486314
2023-02-06,22748.11,23348.73,22763.42,23244.67,9803.34759825
2023-02-07,22669.09,23451.01,23244.64,22964.38,7693.59195866
2023-02-08,21700.0,23011.18,22963.91,21800.63,19277.239648
2023-02-09,21467.43,21942.41,21800.62,21628.97,12641.59512641
2023-02-10,21605.35,21904.0,21628.97,21863.73,4695.91143894
2023-02-11,21631.0,22091.88,21863.73,21789.8,5990.68642903
2023-02-12,21366.45,21903.03,21789.79,21789.14,13246.3049252
2023-02-13,21545.67,22331.76,21789.0,22206.27,14879.72784164
2023-02-14,22054.17,24386.5,22206.26,24329.04,23427.35072192
2023-02-15,23510.73,25256.83,24326.95,23516.15,30034.93494269
2023-02-16,23344.12,25025.0,23516.95,24577.6,22795.35234631
2023-02-17,24407.67,24879.33,24577.6,24636.23,6191.17379627
2023-02-18,24192.7,25200.0,24635.85,24281.31,9733.21021005
2023-02-19,23841.08,25128.11,24278.81,24844.97,13977.17943437
2023-02-20,24153.96,25288.88,24844.21,24454.43,16495.25564236
2023-02-21,23581.64,24480.0,24454.08,24184.44,17390.31077874
2023-02-22,23612.59,24600.95,24184.9,23943.32,16847.70433307
2023-02-23,22520.0,24132.67,23943.32,23186.88,20933.97488913
2023-02-24,22716.47,23220.56,23186.88,23159.71,5937.43847794
2023-02-25,23052.78,23689.77,23159.71,23556.83,6063.45918348
2023-02-26,23109.06,23895.51,23556.83,23489.52,12098.67253518
2023-02-27,23027.24,23597.98,23490.01,23145.32,9516.02766667
2023-02-28,23025.17,23999.99,23144.37,23631.52,12151.84539817
2023-03-01,23196.09,23798.62,23632.12,23468.24,9239.93644458
2023-03-02,21988.02,23477.28,23468.79,22358.18,21715.09355721
2023-03-03,22150.71,22409.82,22358.18,22350.95,2266.21497947
2023-03-04,22195.13,22654.64,22349.74,22432.69,5291.96467583
2023-03-05,22264.73,22599.99,22431.99,22410.31,10660.04864303
2023-03-06,21932.74,22557.03,22410.13,22198.48,10381.24422759
2023-03-07,21580.84,22281.55,22198.09,21698.37,13343.72575834
2023-03-08,20050.0,21825.53,21699.41,20367.01,21326.08097071
2023-03-09,19568.52,20369.78,20366.97,20230.08,32126.59207482
2023-03-10,19900.5,20964.5,20230.07,20620.54,18920.85100043
2023-03-11,20446.24,22276.69,20619.34,22219.08,19165.53317335
2023-03-12,21882.63,24710.0,22216.02,24220.0,38654.82408388
2023-03-13,24052.0,26553.9,24220.0,24762.65,44100.36444555
2023-03-14,23931.01,25300.0,24761.61,24377.16,30128.4276161
2023-03-15,24207.54,25235.28,24377.16,25051.85,20754.42573365
2023-03-16,24946.86,27834.54,25052.11,27453.62,40752.19373629
2023-03-17,26652.45,27780.0,27453.75,26980.35,18096.24372219
2023-03-18,26904.0,28478.0,26980.35,28054.46,16897.41761964
2023-03-19,27218.36,28578.63,28058.15,27823.32,23782.6567676
2023-03-20,27414.77,28605.32,27822.85,28207.33,16193.18924882
2023-03-21,26678.16,28937.73,28201.22,27325.15,33974.43697526
2023-03-22,27189.19,28839.68,27324.05,28352.94,26698.29660165
2023-03-23,27027.88,28433.34,28352.95,27489.24,22190.91292623
2023-03-24,27184.78,27818.67,27489.24,27488.18,9655.9494554
2023-03-25,27445.04,28230.32,27489.56,27992.9,9800.64299441
2023-03-26,26525.0,28053.26,27995.27,27142.87,17268.16335715
2023-03-27,26640.0,27519.99,27142.85,27274.15,14103.92919115
2023-03-28,27255.42,28654.06,27274.18,28359.54,17710.8595857
2023-03-29,27693.7,29190.04,28359.54,28035.48,20972.43924037
2023-03-30,27512.97,28650.2,28034.88,28474.4,18917.3621471
2023-03-31,28223.76,28826.45,28475.41,28471.46,6988.04239657
2023-04-01,27862.69,28544.21,28471.03,28188.34,6707.97702984
2023-04-02,27227.61,28525.0,28188.34,27811.77,16192.03702141
2023-04-03,27670.24,28450.0,27809.55,28179.64,13261.95025317
2023-04-04,27817.32,28799.99,28178.66,28175.37,15066.72449529
2023-04-05,27716.77,28199.11,28175.27,28053.46,10291.78500534
2023-04-06,27790.21,28120.71,28052.74,27931.94,5847.77200458
2023-04-07,27881.01,28175.89,27930.12,27958.81,3854.33490363
2023-04-08,27814.0,28547.67,27958.19,28340.99,6136.4286229
2023-04-09,28162.49,29794.47,28342.28,29660.41,15752.30418782
2023-04-10,29612.3,30584.58,29657.7,30227.19,18637.22157812
2023-04-11,29675.0,30517.0,30227.18,29912.2,14961.08403219
2023-04-12,29878.08,30627.05,29912.2,30406.78,12505.27274115
2023-04-13,30000.0,31050.0,30410.03,30492.92,19793.55777592
2023-04-14,30231.76,30622.38,30492.91,30324.11,5486.7222394
2023-04-15,30148.28,30572.1,30325.07,30326.09,6230.24911461
2023-04-16,29251.71,30340.21,30321.41,29449.91,13418.0380446
2023-04-17,29103.89,30500.0,29449.91,30393.4,12649.52217446
2023-04-18,28595.28,30430.72,30394.5,28809.72,20951.87851572
2023-04-19,27991.32,29102.69,28809.71,28248.18,17007.31210311
2023-04-20,27133.0,28371.88,28248.18,27253.85,19665.99126045
2023-04-21,27133.0,27887.78,27252.96,27821.41,7556.85769964
2023-04-22,27333.2,27820.99,27820.99,27592.98,6255.76778325
2023-04-23,26965.14,28000.0,27592.7,27515.05,12258.59093046
2023-04-24,27194.51,28400.0,27513.85,28304.42,12013.57991051
2023-04-25,27230.77,30050.66,28304.42,28426.08,31636.39150463
2023-04-26,28387.07,29900.0,28428.86,29483.72,24310.36359778
2023-04-27,28900.0,29606.45,29486.97,29338.63,14184.03938836
2023-04-28,29057.3,29470.0,29339.47,29249.35,4909.72717806
2023-04-29,29095.92,29969.99,29249.24,29247.14,6837.06831371
2023-04-30,27664.31,29348.6,29240.49,28077.27,17953.11670042
2023-05-01,27871.44,28899.99,28077.44,28684.4,13258.60505694
2023-05-02,28122.0,29276.12,28683.41,29038.75,15588.83462733
2023-05-03,28674.58,29383.5,29039.36,28857.23,10407.16067489
2023-05-04,28810.0,29706.57,28857.88,29536.76,14691.1261171
2023-05-05,28394.0,29850.0,29538.87,28902.66,8546.79874854
2023-05-06,28429.12,29189.71,28901.3,28474.53,5884.67007423
2023-05-07,27279.66,28676.38,28472.68,27695.06,15859.41839592
2023-05-08,27367.01,27833.64,27693.24,27647.29,8888.42683618
2023-05-09,26800.0,28334.75,27647.29,27624.01,18590.96989908
2023-05-10,26702.0,27649.85,27621.5,26986.56,13438.74631738
2023-05-11,25810.0,27099.21,26986.79,26808.84,18458.49543497
2023-05-12,26700.0,27060.24,26808.8,26789.48,4782.64422745
2023-05-13,26581.52,27221.51,26786.99,26929.98,4393.20531359
2023-05-14,26740.95,27678.73,26929.98,27171.13,11889.94842508
2023-05-15,26860.12,27302.99,27165.26,27037.68,11209.90767959
2023-05-16,26543.87,27516.58,27037.72,27407.77,13308.63176925
2023-05-17,26361.52,27487.71,27407.76,26820.49,12604.94858584
2023-05-18,26632.73,27190.35,26819.64,26890.27,7587.52629065
2023-05-19,26836.21,27178.99,26890.27,27113.61,3127.42757901
2023-05-20,26667.63,27288.02,27113.97,26752.65,5534.52475759
2023-05-21,26536.99,27105.63,26751.0,26854.73,8554.42214009
2023-05-22,26803.46,27500.0,26854.09,27223.22,11594.53703302
2023-05-23,26070.04,27225.0,27222.86,26321.4,17337.44431587
2023-05-24,25864.35,26625.93,26321.42,26479.06,12094.45706071
2023-05-25,26334.33,26950.0,26479.15,26714.86,9858.60032184
2023-05-26,26559.96,26943.6,26711.56,26867.99,3348.37908169
2023-05-27,26780.11,28277.56,26870.13,28070.04,9725.64198967
2023-05-28,27534.81,28473.93,28070.04,27744.82,11355.24110493
2023-05-29,27555.0,28057.23,27744.81,27700.15,12024.43059692
2023-05-30,26842.94,27844.89,27700.68,27223.08,15163.06255735
2023-05-31,26615.0,27360.31,27221.54,26828.42,11927.59445097
2023-06-01,26508.0,27307.44,26827.73,27250.69,12206.16873203
2023-06-02,26923.35,27341.13,27252.67,27077.6,3589.32341986
2023-06-03,26958.98,27466.83,27078.27,27122.04,4115.09881956
2023-06-04,25391.43,27137.75,27122.03,25741.5,16641.46931851
2023-06-05,25351.92,27368.67,25741.5,27243.63,18531.05925936
2023-06-06,26121.06,27402.79,27243.45,26346.41,16094.36989743
2023-06-07,26212.63,26820.3,26347.09,26508.32,8160.84833962
2023-06-08,26283.5,26780.4,26505.71,26482.81,10536.83247431
2023-06-09,25385.52,26534.95,26482.8,25856.1,16967.73205546
2023-06-10,25648.0,26219.1,25856.1,25937.02,8653.83803604
2023-06-11,25616.98,26108.64,25936.98,25905.82,10491.06768405
2023-06-12,25710.78,26435.81,25905.99,25930.23,14396.74678337
2023-06-13,24821.0,26090.0,25929.35,25123.34,14480.51749351
2023-06-14,24750.0,25749.99,25123.41,25569.99,18601.18891862
2023-06-15,25143.24,26486.56,25569.99,26329.6,16632.7425402
2023-06-16,26165.98,26783.2,26329.6,26506.56,7209.4251028
2023-06-17,26245.27,26693.11,26507.97,26336.46,5233.68378154
2023-06-18,26250.0,27040.64,26336.46,26837.78,9643.06748389
2023-06-19,26637.41,28417.11,26839.04,28320.43,28704.55295587
2023-06-20,28271.67,30800.0,28320.41,29995.08,31445.78143275
2023-06-22,29802.65,31443.67,29886.25,30707.61,22659.54058513
2023-06-23,30265.88,30815.92,30709.59,30547.18,6883.28318615
2023-06-24,30288.33,31057.86,30547.3,30480.24,6265.47434464
2023-06-25,29900.0,30662.66,30480.24,30272.18,12491.83081677
2023-06-26,30228.44,31020.54,30272.24,30697.38,11995.526853
2023-06-27,29840.0,30716.93,30696.06,30074.94,9391.66542094
2023-06-28,30036.18,30838.0,30074.93,30446.47,12261.34048625
2023-06-29,29417.14,31277.0,30445.67,30466.72,26013.22734909
2023-06-30,30312.8,30659.33,30466.73,30587.21,4012.76538882
2023-07-01,30165.39,30791.75,30587.22,30613.51,4829.83871313
2023-07-02,30569.0,31399.08,30613.57,31161.8,11391.98257522
2023-07-03,30628.3,31333.0,31162.71,30771.25,7233.95188576
2023-07-04,30189.56,30882.95,30772.93,30499.27,8782.6192239
2023-07-05,29850.0,31525.1,30499.27,29899.38,17229.92231032
2023-07-06,29715.87,30456.0,29895.6,30352.08,11137.14221055
2023-07-07,30047.78,30388.91,30350.35,30291.69,3856.11078847
2023-07-08,30066.95,30451.78,30291.69,30168.38,3884.04687903
2023-07-09,29955.0,31055.75,30168.26,30419.89,12703.78162563
2023-07-10,30304.45,30811.65,30419.89,30626.55,10653.5761104
2023-07-11,30200.0,31000.0,30624.65,30381.81,14881.70511963
2023-07-12,30250.73,31862.21,30383.26,31471.83,26135.6192364
2023-07-13,29920.31,31645.66,31471.83,30330.52,19272.20339271
2023-07-14,30254.67,30406.27,30330.93,30301.65,2559.07232743
2023-07-15,30075.93,30457.03,30302.01,30247.64,4021.41012275
2023-07-16,29668.58,30345.45,30247.56,30143.08,10632.8066781
2023-07-17,29525.0,30249.3,30143.08,29861.93,11124.83936583
2023-07-18,29757.44,30196.24,29861.92,29916.72,8804.54675154
2023-07-19,29564.19,30421.29,29916.69,29809.13,11494.95348803
2023-07-20,29729.48,30060.28,29809.13,29907.98,7597.8102674
2023-07-21,29626.86,30002.38,29907.15,29795.03,3629.48251055
2023-07-22,29733.55,30350.7,29793.62,30081.61,4513.83214295
2023-07-23,28850.0,30099.99,30081.61,29176.98,14484.27543962
2023-07-24,29046.0,29376.51,29176.98,29225.14,7139.21073686
2023-07-25,29089.54,29686.41,29225.11,29353.23,9635.03503236
2023-07-26,29075.0,29571.42,29350.88,29214.92,7327.29083361
2023-07-27,29115.32,29532.45,29214.93,29316.15,7104.73639515
2023-07-28,29253.44,29411.09,29316.05,29355.71,2893.05298823
2023-07-29,29033.0,29450.0,29356.65,29281.39,4387.57256615
2023-07-30,29102.65,29526.99,29280.41,29230.67,8793.06328471
2023-07-31,28477.0,29726.73,29230.61,29697.27,17752.83934133
2023-08-01,28903.79,30033.0,29699.25,29164.22,17967.34799565
2023-08-02,28938.93,29399.97,29163.87,29174.18,8920.01477716
2023-08-03,28747.1,29312.28,29174.84,29076.48,7291.14687702
2023-08-04,28946.17,29111.87,29077.04,29047.12,2490.84710469
2023-08-05,28955.0,29163.24,29047.33,29040.01,2461.64012073
2023-08-06,28660.53,29246.0,29040.01,29179.21,9200.08523317
2023-08-07,29104.65,30222.0,29179.28,29770.01,15610.0513824
2023-08-08,29344.16,30128.88,29770.01,29562.76,10451.45167511
2023-08-09,29306.0,29709.38,29562.76,29424.03,7104.52622213
2023-08-10,29213.59,29534.14,29424.04,29400.45,5961.21744691
2023-08-11,29349.98,29477.31,29400.45,29416.96,1906.1707986
2023-08-12,29247.15,29447.6,29417.19,29275.94,2128.37437697
2023-08-13,29072.96,29665.27,29275.78,29405.49,7063.46806345
2023-08-14,29046.58,29464.62,29405.49,29170.14,5815.32226178
2023-08-15,28690.37,29231.92,29170.13,28700.51,9669.42094524
2023-08-16,25234.76,28751.84,28700.51,26627.57,27723.2108711
2023-08-17,25610.0,26834.37,26627.21,26048.89,21187.5150669
2023-08-18,25793.11,26269.11,26048.9,26096.42,6554.05344759
2023-08-19,25975.01,26296.78,26096.4,26189.14,4345.07228674
2023-08-20,25814.0,26260.25,26189.36,26125.18,9936.51156256
2023-08-21,25350.0,26137.99,26125.16,26042.11,12418.87289323
2023-08-22,25796.47,26818.28,26041.94,26427.54,15743.86437208
2023-08-23,25850.0,26567.38,26427.73,26163.49,10002.33992977
2023-08-24,25750.0,26294.53,26163.49,26049.39,10926.33773703
2023-08-25,25971.44,26115.44,26049.4,26009.61,1862.15021008
2023-08-26,25961.81,26171.87,26009.62,26091.16,2069.84831133
2023-08-27,25850.0,26232.88,26091.16,26101.04,5460.42038393
2023-08-28,25903.18,28184.89,26101.03,27717.98,21400.14608326
2023-08-29,27015.75,27775.0,27717.15,27306.06,9793.95679478
2023-08-30,25660.61,27576.99,27306.06,25932.45,14462.02738125
2023-08-31,25307.37,26142.28,25931.51,25794.88,14995.72610123
2023-09-01,25707.3,25982.48,25795.61,25867.83,3810.77429103
2023-09-02,25792.29,26123.0,25867.82,25969.83,3434.5195669
2023-09-03,25627.0,26093.07,25969.83,25816.13,4635.8154655
2023-09-04,25551.36,25884.04,25816.14,25783.91,6051.14811848
2023-09-05,25358.0,26025.78,25782.49,25747.63,9374.33792185
2023-09-06,25595.8,26440.55,25747.63,26276.3,10885.13902329
2023-09-07,25640.1,26460.41,26276.38,25906.34,11149.95850667
2023-09-08,25791.45,25942.69,25906.33,25897.82,2225.82211069
2023-09-09,25578.01,26023.89,25897.82,25831.76,4361.60285333
2023-09-10,24900.0,25891.6,25831.77,25152.14,13404.10979142
2023-09-11,25120.76,26556.91,25152.13,25840.61,19789.48058328
2023-09-12,25763.43,26413.59,25839.95,26226.65,10099.7383701
2023-09-13,26128.25,26869.06,26227.16,26532.76,12929.08237721
2023-09-14,26213.96,26892.65,26532.5,26602.42,9345.93913701
2023-09-15,26453.32,26777.0,26601.71,26569.69,4132.04817572
2023-09-16,26405.04,26626.49,26569.69,26530.95,3252.26976131
2023-09-17,26382.13,27427.34,26530.96,26764.49,17493.70820354
2023-09-18,26666.93,27500.0,26764.03,27216.13,14386.07884728
2023-09-19,26798.98,27393.78,27216.52,27123.94,11590.24027633
2023-09-20,26359.7,27163.48,27122.65,26564.54,11801.98943642
2023-09-21,26467.94,26742.86,26564.54,26578.4,8563.0523313
2023-09-22,26513.0,26638.58,26578.4,26579.6,2597.25705711
2023-09-23,26118.86,26731.1,26579.59,26250.24,4587.80529114
2023-09-24,25983.78,26444.95,26248.17,26296.08,10762.98401397
2023-09-25,26080.0,26397.59,26296.07,26208.44,7016.42122845
2023-09-26,26088.37,26830.0,26208.43,26357.62,14123.89690964
2023-09-27,26321.37,27313.86,26357.56,27027.14,18975.87763693
2023-09-28,26661.71,27238.9,27027.44,26907.0,12712.27177691
2023-09-29,26884.86,27097.25,26905.57,26961.0,4413.30948101
2023-09-30,26955.25,28062.62,26961.0,27995.46,8747.06888783
2023-10-01,27302.3,28613.37,27995.46,27504.04,25148.25341854
2023-10-02,27160.47,27672.12,27504.03,27428.96,14334.10857629
2023-10-03,27208.65,27842.38,27428.96,27786.75,10238.17053376
2023-10-04,27358.05,28140.0,27786.12,27412.96,14136.04592802
2023-10-05,27173.41,28288.88,27413.15,27945.17,12908.75146274
2023-10-06,27861.2,28040.84,27945.17,27976.43,3489.91595717
2023-10-07,27708.6,28109.94,27976.44,27933.55,4118.56381073
2023-10-08,27268.63,28003.7,27933.54,27596.67,10218.62556021
2023-10-09,27291.81,27739.94,27596.67,27393.29,10265.79357936
2023-10-10,26521.32,27478.61,27393.28,26869.19,16466.26612207
2023-10-11,26537.72,26939.55,26867.97,26750.51,7881.20407108
2023-10-12,26662.62,27122.24,26752.06,26863.53,8694.0854594
2023-10-13,26797.0,26988.12,26863.54,26851.71,2786.76009652
2023-10-14,26806.06,27301.37,26851.71,27186.13,6215.85130529
2023-10-15,27135.92,30000.0,27186.13,28520.24,36471.7502374
2023-10-16,28083.19,28637.21,28520.24,28408.83,14171.43180714
2023-10-17,28151.6,28999.98,28408.51,28326.51,11820.68114047
2023-10-18,28122.57,28938.96,28326.24,28735.34,12662.68000489
2023-10-19,28591.85,30248.0,28734.51,29684.73,20095.91529217
2023-10-20,29475.06,30369.0,29684.73,29924.84,6369.9347533
2023-10-21,29670.0,30275.0,29925.91,30004.15,5720.28965895
2023-10-22,29890.89,35000.0,30004.14,33087.58,33228.46734771
2023-10-23,32851.45,35157.23,33079.72,33922.52,38506.35962554
2023-10-24,33690.91,35144.0,33921.66,34506.35,18668.45817435
2023-10-25,33735.86,34843.04,34504.33,34154.71,15867.44697165
2023-10-26,33400.0,34249.99,34153.35,33906.09,13879.04330119
2023-10-27,33867.38,34500.0,33905.96,34085.42,4372.52724873
2023-10-28,33937.31,34763.0,34085.42,34534.48,5547.09585659
2023-10-29,34077.9,34871.0,34534.48,34493.79,10183.35509429
2023-10-30,34038.79,34732.18,34493.51,34656.4,9281.37651426
2023-10-31,34079.46,35647.19,34656.38,35440.1,16196.30263792
2023-11-01,34311.73,35997.8,35440.1,34950.0,13455.65527035
2023-11-02,34100.0,34954.6,34947.92,34731.27,13960.85628785
2023-11-03,34599.85,35278.4,34730.32,35087.01,4696.62281508
2023-11-04,34500.0,35410.0,35087.43,35035.42,5892.67329337
2023-11-05,34753.66,35294.12,35035.79,35059.46,7088.27217192
2023-11-06,34530.67,35963.0,35059.46,35416.28,13841.59195597
2023-11-07,35103.14,36113.59,35416.63,35639.13,12253.04717936
2023-11-08,35555.16,37999.0,35639.13,36706.59,29045.63709695
2023-11-09,36334.46,37548.8,36704.01,37324.83,15181.1682642
2023-11-10,36701.5,37424.03,37324.84,37139.12,5344.45382766
2023-11-11,36740.9,37247.0,37139.94,37086.03,3317.50278576
2023-11-12,36351.0,37442.48,37086.5,36475.67,10543.29564712
2023-11-13,34758.64,36756.16,36475.68,35554.09,16008.49077729
2023-11-14,35358.45,37987.0,35554.1,37885.35,19941.6757032
2023-11-15,35511.11,37958.75,37885.35,36161.15,18455.96829165
2023-11-16,35869.0,36831.99,36161.15,36630.38,12218.85138403
2023-11-17,36205.89,36857.15,36631.56,36594.89,3468.39821362
2023-11-18,36404.52,37546.62,36596.14,37391.19,4366.44892344
2023-11-19,36720.0,37784.07,37389.06,37475.64,14114.01039926
2023-11-20,35744.9,37675.77,37472.76,35751.89,20837.73934338
2023-11-21,35633.0,37875.0,35755.33,37424.31,17606.97239528
2023-11-22,36888.0,37653.67,37424.31,37304.05,7211.31754936
2023-11-23,37257.56,38454.0,37304.04,37745.84,17507.8900414
2023-11-24,37615.91,37920.27,37746.29,37805.99,3567.42244915
2023-11-25,37156.72,37842.17,37806.84,37462.79,6113.0562518
2023-11-26,36715.1,37578.42,37462.01,37241.63,13510.45476059
2023-11-27,36873.55,38425.96,37241.64,37838.26,18156.47258233
2023-11-28,37581.93,38480.0,37838.26,37863.84,15162.68883049
2023-11-29,37500.0,38152.18,37864.79,37732.27,8081.19248391
2023-11-30,37618.25,39000.0,37732.27,38703.54,16395.90197806
2023-12-01,38660.03,39740.0,38706.55,39478.95,7540.7688183
2023-12-02,39293.02,40221.22,39467.42,39984.81,7153.15663784
2023-12-03,39983.6,42410.46,39984.81,41987.24,21993.05995554
2023-12-04,41384.03,45000.0,41985.53,44084.39,24018.76035474
2023-12-05,43369.0,44290.37,44086.33,43764.05,15977.54656616
2023-12-06,42846.53,44057.23,43766.41,43280.95,13055.36691088
2023-12-07,43087.17,44754.99,43281.11,44192.87,13579.0453041
2023-12-08,43586.14,44384.68,44192.86,43723.25,5469.40708431
2023-12-09,43562.06,44049.51,43722.84,43793.68,3919.09423649
2023-12-10,40150.0,43811.81,43793.67,41229.61,25524.67094691
2023-12-11,40636.51,42088.56,41229.61,41477.39,13414.86773655
2023-12-12,40553.15,43475.0,41477.6,42885.54,15796.88171408
2023-12-13,41426.76,43442.15,42887.39,43027.77,15434.25971384
2023-12-14,41640.51,43095.71,43027.77,41933.89,10861.72864667
2023-12-15,41626.66,42680.2,41934.84,42237.29,5315.65582307
2023-12-16,41222.0,42367.82,42235.23,41349.59,6649.06495765
2023-12-17,40508.01,42754.79,41349.59,42650.01,13394.33474824
2023-12-18,41780.0,43461.86,42650.01,42266.22,13403.93447528
2023-12-19,42184.48,44324.86,42266.25,43674.77,19307.1089644
2023-12-20,43295.78,44250.0,43673.11,43875.32,13170.9728222
2023-12-21,43412.82,44424.36,43875.56,44013.73,10733.55348079
2023-12-22,43333.35,44033.84,44013.65,43726.35,4075.08953972
2023-12-23,42614.17,43985.67,43728.36,43025.03,4947.00165569
2023-12-24,42755.35,43818.29,43025.02,43589.67,4799.73104807
2023-12-25,41600.67,43605.0,43589.67,42515.53,13030.02545286
2023-12-26,42111.47,43709.98,42521.21,43474.4,12917.48404475
2023-12-27,42265.08,43830.34,43469.06,42581.23,13583.91599843
2023-12-28,41300.0,43137.1,42581.23,42063.45,16756.43323881
2023-12-29,41518.19,42593.73,42064.22,42141.03,11609.82377015
